     8	     7	417576986/0012/0012/line-004.gt.txt
     8	    32	417576986/0012/0012/line-005.gt.txt
     5	    32	417576986/0012/0012/line-006.gt.txt
     5	    31	417576986/0012/0012/line-007.gt.txt
     6	    33	417576986/0012/0012/line-008.gt.txt
     5	    25	417576986/0012/0012/line-009.gt.txt
     5	    30	417576986/0012/0012/line-010.gt.txt
     1	    31	417576986/0012/0012/line-011.gt.txt
     3	    32	417576986/0012/0012/line-012.gt.txt
     5	    30	417576986/0012/0012/line-013.gt.txt
     7	    33	417576986/0012/0012/line-014.gt.txt
     1	    30	417576986/0012/0012/line-015.gt.txt
     2	    31	417576986/0012/0012/line-016.gt.txt
     3	    28	417576986/0012/0012/line-017.gt.txt
     4	    32	417576986/0012/0012/line-018.gt.txt
     2	    32	417576986/0012/0012/line-019.gt.txt
     8	    32	417576986/0012/0012/line-020.gt.txt
     3	    29	417576986/0012/0012/line-021.gt.txt
     2	    31	417576986/0012/0012/line-022.gt.txt
     9	    31	417576986/0012/0012/line-023.gt.txt
     6	    30	417576986/0012/0012/line-024.gt.txt
     1	    29	417576986/0012/0012/line-025.gt.txt
     7	    30	417576986/0012/0012/line-026.gt.txt
     4	    32	417576986/0012/0012/line-027.gt.txt
     6	    31	417576986/0012/0012/line-028.gt.txt
     6	     8	417576986/0015/0015/line-001.gt.txt
     5	    31	417576986/0015/0015/line-002.gt.txt
     4	    28	417576986/0015/0015/line-003.gt.txt
     9	    35	417576986/0015/0015/line-004.gt.txt
     2	    28	417576986/0015/0015/line-005.gt.txt
     3	    32	417576986/0015/0015/line-006.gt.txt
    10	    33	417576986/0015/0015/line-007.gt.txt
     4	    32	417576986/0015/0015/line-008.gt.txt
     4	    31	417576986/0015/0015/line-009.gt.txt
     0	    29	417576986/0015/0015/line-010.gt.txt
     7	    31	417576986/0015/0015/line-011.gt.txt
     4	    33	417576986/0015/0015/line-012.gt.txt
    14	    32	417576986/0015/0015/line-013.gt.txt
    12	    32	417576986/0015/0015/line-014.gt.txt
     2	    30	417576986/0015/0015/line-015.gt.txt
     3	    30	417576986/0015/0015/line-016.gt.txt
     1	    31	417576986/0015/0015/line-017.gt.txt
     6	    31	417576986/0015/0015/line-018.gt.txt
     6	    32	417576986/0015/0015/line-019.gt.txt
     2	    28	417576986/0015/0015/line-020.gt.txt
     5	    34	417576986/0015/0015/line-021.gt.txt
     8	    31	417576986/0015/0015/line-022.gt.txt
     5	    31	417576986/0015/0015/line-023.gt.txt
     5	    29	417576986/0015/0015/line-024.gt.txt
     2	    31	417576986/0015/0015/line-025.gt.txt
    14	    26	417576986/0031/0031/line-001.gt.txt
     5	    37	417576986/0031/0031/line-002.gt.txt
     5	    36	417576986/0031/0031/line-003.gt.txt
     5	    31	417576986/0031/0031/line-004.gt.txt
     5	    39	417576986/0031/0031/line-005.gt.txt
     5	    37	417576986/0031/0031/line-006.gt.txt
     3	    34	417576986/0031/0031/line-007.gt.txt
     3	    35	417576986/0031/0031/line-008.gt.txt
     3	    35	417576986/0031/0031/line-009.gt.txt
     3	    36	417576986/0031/0031/line-010.gt.txt
     2	    37	417576986/0031/0031/line-011.gt.txt
     3	    37	417576986/0031/0031/line-012.gt.txt
     6	    37	417576986/0031/0031/line-013.gt.txt
     1	    35	417576986/0031/0031/line-014.gt.txt
     5	    33	417576986/0031/0031/line-015.gt.txt
     1	    39	417576986/0031/0031/line-016.gt.txt
     6	    35	417576986/0031/0031/line-017.gt.txt
     0	    36	417576986/0031/0031/line-018.gt.txt
     5	    36	417576986/0031/0031/line-019.gt.txt
     6	    35	417576986/0031/0031/line-020.gt.txt
     8	    36	417576986/0031/0031/line-021.gt.txt
     5	    35	417576986/0031/0031/line-022.gt.txt
     6	    10	417576986/0031/0031/line-023.gt.txt
     0	    10	417576986/0031/0031/line-024.gt.txt
     3	    10	417576986/0031/0031/line-025.gt.txt
     5	    10	417576986/0031/0031/line-026.gt.txt
     5	    34	417576986/0031/0031/line-027.gt.txt
     3	    34	417576986/0031/0031/line-028.gt.txt
     2	    36	417576986/0031/0031/line-029.gt.txt
     4	    33	417576986/0031/0031/line-030.gt.txt
     4	    32	417576986/0031/0031/line-031.gt.txt
     2	    33	417576986/0031/0031/line-032.gt.txt
     4	    38	417576986/0031/0031/line-033.gt.txt
     0	     3	417576986/0031/0031/line-034.gt.txt
     8	    10	417576986/0078/0078/line-001.gt.txt
     9	    12	417576986/0078/0078/line-002.gt.txt
     4	    11	417576986/0078/0078/line-003.gt.txt
    13	    14	417576986/0078/0078/line-006.gt.txt
    17	    35	417576986/0078/0078/line-007.gt.txt
    14	    36	417576986/0078/0078/line-008.gt.txt
    19	    36	417576986/0078/0078/line-009.gt.txt
    23	    35	417576986/0078/0078/line-010.gt.txt
    12	    37	417576986/0078/0078/line-011.gt.txt
    13	    35	417576986/0078/0078/line-012.gt.txt
    13	    34	417576986/0078/0078/line-013.gt.txt
    17	    37	417576986/0078/0078/line-014.gt.txt
     5	    12	417576986/0078/0078/line-015.gt.txt
     9	    30	417576986/0078/0078/line-016.gt.txt
    11	    36	417576986/0078/0078/line-017.gt.txt
    12	    36	417576986/0078/0078/line-018.gt.txt
     7	    34	417576986/0078/0078/line-019.gt.txt
     4	    36	417576986/0078/0078/line-020.gt.txt
     8	    40	417576986/0078/0078/line-021.gt.txt
     8	    36	417576986/0078/0078/line-022.gt.txt
    11	    39	417576986/0078/0078/line-023.gt.txt
     7	    36	417576986/0078/0078/line-024.gt.txt
    12	    33	417576986/0078/0078/line-025.gt.txt
     7	    32	417576986/0078/0078/line-026.gt.txt
    13	    39	417576986/0078/0078/line-027.gt.txt
    18	    35	417576986/0078/0078/line-028.gt.txt
    16	    36	417576986/0078/0078/line-029.gt.txt
    14	    39	417576986/0078/0078/line-030.gt.txt
     9	    34	417576986/0078/0078/line-031.gt.txt
     6	    35	417576986/0078/0078/line-032.gt.txt
     7	    36	417576986/0078/0078/line-033.gt.txt
    10	    37	417576986/0078/0078/line-034.gt.txt
    26	    26	417576986/0145/0145/line-001.gt.txt
    21	    35	417576986/0145/0145/line-002.gt.txt
    20	    36	417576986/0145/0145/line-003.gt.txt
    20	    37	417576986/0145/0145/line-004.gt.txt
    32	    42	417576986/0145/0145/line-005.gt.txt
     9	    38	417576986/0145/0145/line-006.gt.txt
    13	    37	417576986/0145/0145/line-007.gt.txt
    10	    40	417576986/0145/0145/line-008.gt.txt
    16	    36	417576986/0145/0145/line-009.gt.txt
    13	    37	417576986/0145/0145/line-010.gt.txt
    11	    38	417576986/0145/0145/line-011.gt.txt
     9	    35	417576986/0145/0145/line-012.gt.txt
    16	    41	417576986/0145/0145/line-013.gt.txt
    14	    37	417576986/0145/0145/line-014.gt.txt
    13	    38	417576986/0145/0145/line-015.gt.txt
    11	    35	417576986/0145/0145/line-016.gt.txt
    18	    37	417576986/0145/0145/line-017.gt.txt
    11	    36	417576986/0145/0145/line-018.gt.txt
    17	    33	417576986/0145/0145/line-019.gt.txt
    11	    33	417576986/0145/0145/line-020.gt.txt
    26	    38	417576986/0145/0145/line-021.gt.txt
    15	    33	417576986/0145/0145/line-022.gt.txt
    17	    36	417576986/0145/0145/line-023.gt.txt
    17	    38	417576986/0145/0145/line-024.gt.txt
    14	    32	417576986/0145/0145/line-025.gt.txt
    13	    35	417576986/0145/0145/line-026.gt.txt
     7	    34	417576986/0145/0145/line-027.gt.txt
    19	    34	417576986/0145/0145/line-028.gt.txt
    15	    36	417576986/0145/0145/line-029.gt.txt
     3	     4	417576986/0145/0145/line-030.gt.txt
    26	    28	417576986/0201/0201/line-001.gt.txt
    19	    37	417576986/0201/0201/line-002.gt.txt
     8	     5	417576986/0201/0201/line-003.gt.txt
     9	    35	417576986/0201/0201/line-004.gt.txt
    18	    33	417576986/0201/0201/line-005.gt.txt
    20	    38	417576986/0201/0201/line-006.gt.txt
    15	    37	417576986/0201/0201/line-007.gt.txt
    11	    37	417576986/0201/0201/line-008.gt.txt
    11	    34	417576986/0201/0201/line-009.gt.txt
    16	    34	417576986/0201/0201/line-012.gt.txt
    15	    36	417576986/0201/0201/line-013.gt.txt
     4	    39	417576986/0201/0201/line-014.gt.txt
    15	    38	417576986/0201/0201/line-015.gt.txt
    16	    33	417576986/0201/0201/line-016.gt.txt
    11	    39	417576986/0201/0201/line-017.gt.txt
    11	    37	417576986/0201/0201/line-018.gt.txt
    10	    39	417576986/0201/0201/line-019.gt.txt
    11	    33	417576986/0201/0201/line-020.gt.txt
     5	    33	417576986/0201/0201/line-021.gt.txt
    20	    36	417576986/0201/0201/line-022.gt.txt
    19	    37	417576986/0201/0201/line-023.gt.txt
    24	    38	417576986/0201/0201/line-024.gt.txt
     8	    33	417576986/0201/0201/line-025.gt.txt
     8	    38	417576986/0201/0201/line-026.gt.txt
     4	    34	417576986/0201/0201/line-027.gt.txt
     9	    35	417576986/0201/0201/line-028.gt.txt
     6	    35	417576986/0201/0201/line-029.gt.txt
    10	    36	417576986/0201/0201/line-030.gt.txt
     4	    36	417576986/0201/0201/line-031.gt.txt
     2	     3	417576986/0201/0201/line-032.gt.txt
    15	    15	417576986/0206/0206/line-027.gt.txt
    17	    50	417576986/0206/0206/line-028.gt.txt
     1	    13	417576986/0206/0206/line-029.gt.txt
     7	     9	417576986/0206/0206/line-030.gt.txt
     2	     8	417576986/0206/0206/line-031.gt.txt
     5	    12	417576986/0206/0206/line-032.gt.txt
     1	    11	417576986/0206/0206/line-033.gt.txt
     5	     4	417576986/0206/0206/line-034.gt.txt
     4	    37	417576986/0206/0206/line-035.gt.txt
    10	    37	417576986/0206/0206/line-036.gt.txt
     2	    39	417576986/0206/0206/line-037.gt.txt
     4	    37	417576986/0206/0206/line-038.gt.txt
     4	    34	417576986/0206/0206/line-039.gt.txt
     8	    39	417576986/0206/0206/line-040.gt.txt
     4	    34	417576986/0206/0206/line-041.gt.txt
     7	    36	417576986/0206/0206/line-042.gt.txt
     4	    36	417576986/0206/0206/line-043.gt.txt
     8	    38	417576986/0206/0206/line-044.gt.txt
    14	    35	417576986/0206/0206/line-045.gt.txt
     7	    12	417576986/0206/0206/line-046.gt.txt
     4	    30	417576986/0206/0206/line-047.gt.txt
     4	    35	417576986/0206/0206/line-048.gt.txt
     3	    33	417576986/0206/0206/line-049.gt.txt
     4	    33	417576986/0206/0206/line-050.gt.txt
     3	    34	417576986/0206/0206/line-051.gt.txt
     2	    36	417576986/0206/0206/line-052.gt.txt
    11	    34	417576986/0206/0206/line-053.gt.txt
     0	    34	417576986/0206/0206/line-054.gt.txt
     6	    33	417576986/0206/0206/line-055.gt.txt
     5	    13	417576986/0206/0206/line-056.gt.txt
    10	    33	417576986/0206/0206/line-057.gt.txt
     4	    32	417576986/0206/0206/line-058.gt.txt
     3	    33	417576986/0206/0206/line-059.gt.txt
     0	    35	417576986/0206/0206/line-060.gt.txt
    12	    33	417576986/0206/0206/line-061.gt.txt
    11	    28	417576986/0459/0459/line-001.gt.txt
    16	    37	417576986/0459/0459/line-002.gt.txt
    17	    36	417576986/0459/0459/line-003.gt.txt
    21	    33	417576986/0459/0459/line-004.gt.txt
    19	    36	417576986/0459/0459/line-005.gt.txt
    17	    39	417576986/0459/0459/line-006.gt.txt
    20	    37	417576986/0459/0459/line-007.gt.txt
    15	    33	417576986/0459/0459/line-008.gt.txt
    23	    34	417576986/0459/0459/line-009.gt.txt
    15	    36	417576986/0459/0459/line-011.gt.txt
     9	    24	417576986/0459/0459/line-012.gt.txt
     2	    33	417576986/0459/0459/line-013.gt.txt
    25	    29	417576986/0459/0459/line-014.gt.txt
    25	    34	417576986/0459/0459/line-016.gt.txt
    41	    38	417576986/0459/0459/line-017.gt.txt
    16	    33	417576986/0459/0459/line-018.gt.txt
    14	    34	417576986/0459/0459/line-019.gt.txt
    13	    35	417576986/0459/0459/line-020.gt.txt
    10	    33	417576986/0459/0459/line-021.gt.txt
     9	    36	417576986/0459/0459/line-022.gt.txt
    16	    36	417576986/0459/0459/line-023.gt.txt
     9	    32	417576986/0459/0459/line-024.gt.txt
    13	    36	417576986/0459/0459/line-025.gt.txt
    14	    32	417576986/0459/0459/line-026.gt.txt
    15	    36	417576986/0459/0459/line-027.gt.txt
    14	    35	417576986/0459/0459/line-028.gt.txt
     8	    35	417576986/0459/0459/line-029.gt.txt
    11	    36	417576986/0459/0459/line-030.gt.txt
     6	    33	417576986/0459/0459/line-031.gt.txt
     0	     5	417576986/0459/0459/line-032.gt.txt
    21	    28	417576986/0463/0463/line-006.gt.txt
    25	    34	417576986/0463/0463/line-007.gt.txt
    28	    38	417576986/0463/0463/line-008.gt.txt
    18	    38	417576986/0463/0463/line-009.gt.txt
    15	    37	417576986/0463/0463/line-010.gt.txt
    28	    37	417576986/0463/0463/line-011.gt.txt
    23	    37	417576986/0463/0463/line-012.gt.txt
    23	    37	417576986/0463/0463/line-013.gt.txt
    17	    31	417576986/0463/0463/line-014.gt.txt
    10	    35	417576986/0463/0463/line-015.gt.txt
    15	    37	417576986/0463/0463/line-016.gt.txt
    22	    36	417576986/0463/0463/line-017.gt.txt
     9	    33	417576986/0463/0463/line-018.gt.txt
     5	    15	417576986/0463/0463/line-019.gt.txt
    21	    28	417576986/0463/0463/line-020.gt.txt
    24	    34	417576986/0463/0463/line-021.gt.txt
    20	    37	417576986/0463/0463/line-022.gt.txt
    25	    35	417576986/0463/0463/line-023.gt.txt
    27	    39	417576986/0463/0463/line-024.gt.txt
    30	    37	417576986/0463/0463/line-025.gt.txt
    19	    38	417576986/0463/0463/line-026.gt.txt
    11	    35	417576986/0463/0463/line-027.gt.txt
     5	    35	417576986/0463/0463/line-028.gt.txt
    10	    35	417576986/0463/0463/line-029.gt.txt
    13	    36	417576986/0463/0463/line-030.gt.txt
    16	    35	417576986/0463/0463/line-031.gt.txt
    22	    35	417576986/0463/0463/line-032.gt.txt
    12	    35	417576986/0463/0463/line-034.gt.txt
    11	    34	417576986/0463/0463/line-035.gt.txt
    11	    15	417576986/0470/0470/line-002.gt.txt
    14	    35	417576986/0470/0470/line-003.gt.txt
    10	    37	417576986/0470/0470/line-004.gt.txt
     8	    37	417576986/0470/0470/line-005.gt.txt
    16	    39	417576986/0470/0470/line-006.gt.txt
    15	    42	417576986/0470/0470/line-007.gt.txt
    18	    37	417576986/0470/0470/line-008.gt.txt
    18	    36	417576986/0470/0470/line-009.gt.txt
    17	    38	417576986/0470/0470/line-010.gt.txt
    17	    40	417576986/0470/0470/line-011.gt.txt
    15	    37	417576986/0470/0470/line-012.gt.txt
     4	     5	417576986/0470/0470/line-013.gt.txt
     1	     1	417576986/0470/0470/line-014.gt.txt
     0	     2	417576986/0470/0470/line-015.gt.txt
     1	     2	417576986/0470/0470/line-016.gt.txt
    13	    35	417576986/0470/0470/line-018.gt.txt
     9	    33	417576986/0470/0470/line-019.gt.txt
    16	    39	417576986/0470/0470/line-020.gt.txt
    21	    40	417576986/0470/0470/line-021.gt.txt
    21	    41	417576986/0470/0470/line-022.gt.txt
    16	    38	417576986/0470/0470/line-023.gt.txt
    13	    38	417576986/0470/0470/line-024.gt.txt
    10	    36	417576986/0470/0470/line-025.gt.txt
    17	    41	417576986/0470/0470/line-026.gt.txt
     6	    40	417576986/0470/0470/line-027.gt.txt
    14	    37	417576986/0470/0470/line-028.gt.txt
    14	    34	417576986/0470/0470/line-029.gt.txt
    17	    39	417576986/0470/0470/line-030.gt.txt
     7	    34	417576986/0470/0470/line-031.gt.txt
     7	    35	417576986/0470/0470/line-032.gt.txt
    11	    33	417576986/0470/0470/line-033.gt.txt
     7	    37	417576986/0470/0470/line-034.gt.txt
     9	    36	417576986/0470/0470/line-035.gt.txt
    13	    13	417589220/0016/0016/line-002.gt.txt
     7	    30	417589220/0016/0016/line-003.gt.txt
     2	    29	417589220/0016/0016/line-004.gt.txt
     6	    32	417589220/0016/0016/line-005.gt.txt
     1	    33	417589220/0016/0016/line-006.gt.txt
     8	    35	417589220/0016/0016/line-007.gt.txt
     3	    30	417589220/0016/0016/line-008.gt.txt
     6	    36	417589220/0016/0016/line-009.gt.txt
     4	    33	417589220/0016/0016/line-010.gt.txt
     3	    30	417589220/0016/0016/line-011.gt.txt
    10	    30	417589220/0016/0016/line-012.gt.txt
     7	    34	417589220/0016/0016/line-013.gt.txt
     1	    35	417589220/0016/0016/line-014.gt.txt
     2	    34	417589220/0016/0016/line-015.gt.txt
     1	    34	417589220/0016/0016/line-016.gt.txt
    11	    32	417589220/0016/0016/line-017.gt.txt
     2	     2	417589220/0016/0016/line-018.gt.txt
     1	    29	417589220/0016/0016/line-019.gt.txt
     3	    32	417589220/0016/0016/line-020.gt.txt
     3	    34	417589220/0016/0016/line-021.gt.txt
     2	    30	417589220/0016/0016/line-022.gt.txt
     3	    33	417589220/0016/0016/line-023.gt.txt
     3	    33	417589220/0016/0016/line-024.gt.txt
     4	    32	417589220/0016/0016/line-025.gt.txt
     4	    35	417589220/0016/0016/line-026.gt.txt
     8	    42	417589220/0016/0016/line-027.gt.txt
     8	    11	417589220/0016/0016/line-028.gt.txt
    12	    10	417589220/0016/0016/line-029.gt.txt
     6	    10	417589220/0016/0016/line-030.gt.txt
     4	    34	417589220/0016/0016/line-031.gt.txt
     4	    33	417589220/0016/0016/line-032.gt.txt
     3	    32	417589220/0016/0016/line-033.gt.txt
    16	    27	417589220/0043/0043/line-001.gt.txt
     5	    33	417589220/0043/0043/line-002.gt.txt
     6	    33	417589220/0043/0043/line-003.gt.txt
     4	    37	417589220/0043/0043/line-004.gt.txt
     6	    35	417589220/0043/0043/line-005.gt.txt
     9	    34	417589220/0043/0043/line-006.gt.txt
     7	    35	417589220/0043/0043/line-007.gt.txt
    12	    36	417589220/0043/0043/line-008.gt.txt
     4	    33	417589220/0043/0043/line-009.gt.txt
     5	    33	417589220/0043/0043/line-010.gt.txt
     3	    34	417589220/0043/0043/line-011.gt.txt
     4	    35	417589220/0043/0043/line-012.gt.txt
     7	    33	417589220/0043/0043/line-013.gt.txt
     3	    13	417589220/0043/0043/line-014.gt.txt
     3	    28	417589220/0043/0043/line-015.gt.txt
     8	    33	417589220/0043/0043/line-016.gt.txt
     5	    30	417589220/0043/0043/line-017.gt.txt
     6	    34	417589220/0043/0043/line-018.gt.txt
     8	    33	417589220/0043/0043/line-019.gt.txt
     7	    32	417589220/0043/0043/line-020.gt.txt
     4	    32	417589220/0043/0043/line-021.gt.txt
     3	    34	417589220/0043/0043/line-022.gt.txt
     7	    32	417589220/0043/0043/line-023.gt.txt
     6	    29	417589220/0043/0043/line-024.gt.txt
     7	    31	417589220/0043/0043/line-025.gt.txt
    11	    30	417589220/0043/0043/line-026.gt.txt
    11	    29	417589220/0043/0043/line-027.gt.txt
     5	    32	417589220/0043/0043/line-028.gt.txt
     1	     3	417589220/0043/0043/line-029.gt.txt
     5	    11	417589220/0050/0050/line-002.gt.txt
     2	     3	417589220/0050/0050/line-003.gt.txt
     6	     7	417589220/0050/0050/line-004.gt.txt
    10	    14	417589220/0050/0050/line-005.gt.txt
    11	    34	417589220/0050/0050/line-006.gt.txt
     3	    32	417589220/0050/0050/line-007.gt.txt
     7	    29	417589220/0050/0050/line-008.gt.txt
     6	    32	417589220/0050/0050/line-009.gt.txt
     3	    30	417589220/0050/0050/line-010.gt.txt
     5	    35	417589220/0050/0050/line-011.gt.txt
     2	    33	417589220/0050/0050/line-012.gt.txt
     4	    32	417589220/0050/0050/line-013.gt.txt
     6	    31	417589220/0050/0050/line-014.gt.txt
     5	    31	417589220/0050/0050/line-015.gt.txt
     7	    30	417589220/0050/0050/line-016.gt.txt
     3	    31	417589220/0050/0050/line-017.gt.txt
     7	    34	417589220/0050/0050/line-018.gt.txt
     5	    33	417589220/0050/0050/line-019.gt.txt
     1	    33	417589220/0050/0050/line-020.gt.txt
    16	    33	417589220/0050/0050/line-021.gt.txt
     4	    33	417589220/0050/0050/line-022.gt.txt
    10	    30	417589220/0050/0050/line-023.gt.txt
     7	    34	417589220/0050/0050/line-024.gt.txt
     7	    34	417589220/0050/0050/line-025.gt.txt
    11	    34	417589220/0050/0050/line-026.gt.txt
     9	    33	417589220/0050/0050/line-027.gt.txt
     8	    36	417589220/0050/0050/line-028.gt.txt
     8	    32	417589220/0050/0050/line-029.gt.txt
    10	    35	417589220/0050/0050/line-030.gt.txt
     5	    30	417589220/0050/0050/line-031.gt.txt
     9	    34	417589220/0050/0050/line-032.gt.txt
    15	    24	417589220/0257/0257/line-003.gt.txt
    14	    33	417589220/0257/0257/line-004.gt.txt
    18	    30	417589220/0257/0257/line-005.gt.txt
    33	    35	417589220/0257/0257/line-006.gt.txt
    26	    31	417589220/0257/0257/line-007.gt.txt
    25	    30	417589220/0257/0257/line-008.gt.txt
    19	    32	417589220/0257/0257/line-009.gt.txt
     6	    30	417589220/0257/0257/line-010.gt.txt
     9	    31	417589220/0257/0257/line-011.gt.txt
    18	    34	417589220/0257/0257/line-012.gt.txt
    24	    35	417589220/0257/0257/line-013.gt.txt
    31	    33	417589220/0257/0257/line-014.gt.txt
    14	    32	417589220/0257/0257/line-015.gt.txt
    14	    32	417589220/0257/0257/line-016.gt.txt
    14	    33	417589220/0257/0257/line-017.gt.txt
     5	    29	417589220/0257/0257/line-018.gt.txt
    19	    34	417589220/0257/0257/line-019.gt.txt
    16	    34	417589220/0257/0257/line-020.gt.txt
    16	    31	417589220/0257/0257/line-021.gt.txt
    15	    36	417589220/0257/0257/line-022.gt.txt
     6	    31	417589220/0257/0257/line-023.gt.txt
     8	    35	417589220/0257/0257/line-024.gt.txt
    13	    35	417589220/0257/0257/line-025.gt.txt
     7	    33	417589220/0257/0257/line-026.gt.txt
     8	    32	417589220/0257/0257/line-027.gt.txt
     4	    32	417589220/0257/0257/line-028.gt.txt
     6	    32	417589220/0257/0257/line-029.gt.txt
     4	    33	417589220/0257/0257/line-030.gt.txt
     3	     6	417589220/0257/0257/line-031.gt.txt
     4	     4	417589220/0270/0270/line-002.gt.txt
     9	    13	417589220/0270/0270/line-003.gt.txt
     7	     7	417589220/0270/0270/line-004.gt.txt
    18	    24	417589220/0270/0270/line-005.gt.txt
    19	    29	417589220/0270/0270/line-006.gt.txt
    22	    29	417589220/0270/0270/line-007.gt.txt
    26	    33	417589220/0270/0270/line-008.gt.txt
    12	    32	417589220/0270/0270/line-010.gt.txt
    16	    31	417589220/0270/0270/line-011.gt.txt
    24	    28	417589220/0270/0270/line-012.gt.txt
    25	    33	417589220/0270/0270/line-013.gt.txt
    18	    30	417589220/0270/0270/line-014.gt.txt
    16	    31	417589220/0270/0270/line-015.gt.txt
    27	    35	417589220/0270/0270/line-016.gt.txt
    36	    36	417589220/0270/0270/line-017.gt.txt
    28	    34	417589220/0270/0270/line-018.gt.txt
    21	    32	417589220/0270/0270/line-019.gt.txt
    25	    32	417589220/0270/0270/line-020.gt.txt
    43	    31	417589220/0270/0270/line-021.gt.txt
    44	    32	417589220/0270/0270/line-022.gt.txt
    26	    29	417589220/0270/0270/line-023.gt.txt
    33	    33	417589220/0270/0270/line-024.gt.txt
    17	    31	417589220/0270/0270/line-025.gt.txt
    25	    33	417589220/0270/0270/line-026.gt.txt
    28	    33	417589220/0270/0270/line-027.gt.txt
    25	    33	417589220/0270/0270/line-028.gt.txt
    24	    35	417589220/0270/0270/line-029.gt.txt
    26	    34	417589220/0270/0270/line-030.gt.txt
    15	    31	417589220/0270/0270/line-031.gt.txt
    32	    32	417589220/0270/0270/line-032.gt.txt
    15	    33	417589220/0270/0270/line-034.gt.txt
     9	     8	417589220/0312/0312/line-002.gt.txt
    17	    36	417589220/0312/0312/line-003.gt.txt
    13	    32	417589220/0312/0312/line-004.gt.txt
    17	    39	417589220/0312/0312/line-005.gt.txt
    10	    32	417589220/0312/0312/line-006.gt.txt
    18	    37	417589220/0312/0312/line-007.gt.txt
    11	    38	417589220/0312/0312/line-008.gt.txt
    12	    35	417589220/0312/0312/line-009.gt.txt
    17	    36	417589220/0312/0312/line-010.gt.txt
    14	    37	417589220/0312/0312/line-011.gt.txt
    22	    36	417589220/0312/0312/line-012.gt.txt
    21	    39	417589220/0312/0312/line-013.gt.txt
    16	    39	417589220/0312/0312/line-014.gt.txt
    21	    39	417589220/0312/0312/line-015.gt.txt
    15	    35	417589220/0312/0312/line-016.gt.txt
    22	    37	417589220/0312/0312/line-017.gt.txt
     5	    39	417589220/0312/0312/line-018.gt.txt
    21	    36	417589220/0312/0312/line-019.gt.txt
    23	    39	417589220/0312/0312/line-020.gt.txt
    31	    38	417589220/0312/0312/line-021.gt.txt
    19	    38	417589220/0312/0312/line-022.gt.txt
    12	    37	417589220/0312/0312/line-023.gt.txt
    19	    37	417589220/0312/0312/line-024.gt.txt
    17	    36	417589220/0312/0312/line-031.gt.txt
    14	    40	417589220/0312/0312/line-032.gt.txt
    22	    35	417589220/0312/0312/line-033.gt.txt
    15	    36	417589220/0312/0312/line-034.gt.txt
    23	    40	417589220/0312/0312/line-035.gt.txt
    21	    38	417589220/0312/0312/line-036.gt.txt
     3	    17	417589220/0313/0313/line-004.gt.txt
    12	    35	417589220/0313/0313/line-005.gt.txt
    23	    36	417589220/0313/0313/line-006.gt.txt
    26	    34	417589220/0313/0313/line-007.gt.txt
    18	    37	417589220/0313/0313/line-008.gt.txt
    27	    32	417589220/0313/0313/line-009.gt.txt
    25	    36	417589220/0313/0313/line-010.gt.txt
    26	    40	417589220/0313/0313/line-011.gt.txt
    26	    36	417589220/0313/0313/line-012.gt.txt
    15	    20	417589220/0313/0313/line-015.gt.txt
    21	    35	417589220/0313/0313/line-016.gt.txt
    20	    36	417589220/0313/0313/line-017.gt.txt
    22	    36	417589220/0313/0313/line-018.gt.txt
    20	    35	417589220/0313/0313/line-019.gt.txt
    11	    40	417589220/0313/0313/line-020.gt.txt
    18	    38	417589220/0313/0313/line-021.gt.txt
    19	    38	417589220/0313/0313/line-022.gt.txt
    16	    33	417589220/0313/0313/line-023.gt.txt
    18	    38	417589220/0313/0313/line-024.gt.txt
    13	    35	417589220/0313/0313/line-025.gt.txt
    18	    36	417589220/0313/0313/line-026.gt.txt
    18	    35	417589220/0313/0313/line-027.gt.txt
    22	    36	417589220/0313/0313/line-028.gt.txt
    22	    35	417589220/0313/0313/line-029.gt.txt
     9	    36	417589220/0313/0313/line-031.gt.txt
    10	    38	417589220/0313/0313/line-032.gt.txt
    14	    37	417589220/0313/0313/line-033.gt.txt
    23	    34	419892079/0152/0152/line-001.gt.txt
    31	    79	419892079/0152/0152/line-002.gt.txt
    17	    75	419892079/0152/0152/line-003.gt.txt
    14	    77	419892079/0152/0152/line-004.gt.txt
     8	    73	419892079/0152/0152/line-005.gt.txt
    15	    77	419892079/0152/0152/line-006.gt.txt
    19	    74	419892079/0152/0152/line-007.gt.txt
    16	    71	419892079/0152/0152/line-008.gt.txt
    25	    75	419892079/0152/0152/line-009.gt.txt
    11	    75	419892079/0152/0152/line-010.gt.txt
    12	    73	419892079/0152/0152/line-011.gt.txt
    12	    77	419892079/0152/0152/line-012.gt.txt
    17	    72	419892079/0152/0152/line-013.gt.txt
    12	    71	419892079/0152/0152/line-014.gt.txt
    12	    73	419892079/0152/0152/line-015.gt.txt
    19	    70	419892079/0152/0152/line-016.gt.txt
    10	    74	419892079/0152/0152/line-017.gt.txt
     8	    74	419892079/0152/0152/line-018.gt.txt
     9	    70	419892079/0152/0152/line-019.gt.txt
    11	    76	419892079/0152/0152/line-020.gt.txt
    15	    75	419892079/0152/0152/line-021.gt.txt
     6	    72	419892079/0152/0152/line-022.gt.txt
    10	    73	419892079/0152/0152/line-023.gt.txt
     9	    69	419892079/0152/0152/line-024.gt.txt
    23	    75	419892079/0152/0152/line-025.gt.txt
    23	    74	419892079/0152/0152/line-026.gt.txt
    23	    71	419892079/0152/0152/line-027.gt.txt
    11	    72	419892079/0152/0152/line-028.gt.txt
    26	    78	419892079/0152/0152/line-029.gt.txt
    15	    79	419892079/0152/0152/line-030.gt.txt
    10	    72	419892079/0152/0152/line-031.gt.txt
    14	    74	419892079/0152/0152/line-032.gt.txt
    20	    74	419892079/0152/0152/line-033.gt.txt
    17	    74	419892079/0152/0152/line-034.gt.txt
     3	    26	419892079/0152/0152/line-037.gt.txt
    18	    71	419892079/0152/0152/line-038.gt.txt
    17	    71	419892079/0152/0152/line-039.gt.txt
    15	    75	419892079/0152/0152/line-040.gt.txt
    10	    75	419892079/0152/0152/line-041.gt.txt
    11	    76	419892079/0152/0152/line-042.gt.txt
    12	    74	419892079/0152/0152/line-043.gt.txt
    11	    76	419892079/0152/0152/line-044.gt.txt
    13	    71	419892079/0152/0152/line-045.gt.txt
    10	    77	419892079/0152/0152/line-046.gt.txt
    18	    81	419892079/0152/0152/line-047.gt.txt
    11	    73	419892079/0152/0152/line-048.gt.txt
    23	    79	419892079/0152/0152/line-049.gt.txt
    14	    77	419892079/0152/0152/line-050.gt.txt
    27	    63	419892079/0152/0152/line-051.gt.txt
     4	     4	419892079/0152/0152/line-052.gt.txt
    15	    33	419892079/0158/0158/line-002.gt.txt
    33	    76	419892079/0158/0158/line-003.gt.txt
    44	    76	419892079/0158/0158/line-004.gt.txt
    56	    78	419892079/0158/0158/line-005.gt.txt
    38	    26	419892079/0158/0158/line-007.gt.txt
    44	    71	419892079/0158/0158/line-009.gt.txt
    25	    75	419892079/0158/0158/line-010.gt.txt
    22	    77	419892079/0158/0158/line-011.gt.txt
    54	    61	419892079/0158/0158/line-012.gt.txt
    48	    73	419892079/0158/0158/line-014.gt.txt
    37	    78	419892079/0158/0158/line-015.gt.txt
    46	    11	419892079/0158/0158/line-016.gt.txt
    41	    77	419892079/0158/0158/line-017.gt.txt
    22	    77	419892079/0158/0158/line-018.gt.txt
    29	    79	419892079/0158/0158/line-019.gt.txt
    68	    35	419892079/0158/0158/line-020.gt.txt
    20	    72	419892079/0158/0158/line-021.gt.txt
     9	    78	419892079/0158/0158/line-022.gt.txt
    14	    51	419892079/0158/0158/line-023.gt.txt
    36	    75	419892079/0158/0158/line-024.gt.txt
    29	    74	419892079/0158/0158/line-025.gt.txt
    13	    75	419892079/0158/0158/line-026.gt.txt
    28	    71	419892079/0158/0158/line-027.gt.txt
    16	    34	419892079/0158/0158/line-028.gt.txt
    42	    67	419892079/0158/0158/line-029.gt.txt
    48	    71	419892079/0158/0158/line-030.gt.txt
    39	    75	419892079/0158/0158/line-031.gt.txt
    36	    71	419892079/0158/0158/line-032.gt.txt
    39	    76	419892079/0158/0158/line-033.gt.txt
    38	    78	419892079/0158/0158/line-034.gt.txt
    56	    43	419892079/0158/0158/line-035.gt.txt
    19	    70	419892079/0158/0158/line-036.gt.txt
    20	    74	419892079/0158/0158/line-037.gt.txt
    20	    75	419892079/0158/0158/line-038.gt.txt
    29	    78	419892079/0158/0158/line-039.gt.txt
    37	    78	419892079/0158/0158/line-040.gt.txt
    23	    69	419892079/0158/0158/line-041.gt.txt
    12	    12	419892079/0158/0158/line-042.gt.txt
    30	    76	419892079/0158/0158/line-043.gt.txt
     5	    24	419892079/0158/0158/line-044.gt.txt
    43	    72	419892079/0158/0158/line-045.gt.txt
    49	    82	419892079/0158/0158/line-046.gt.txt
    23	    76	419892079/0158/0158/line-047.gt.txt
    20	    81	419892079/0158/0158/line-048.gt.txt
    18	    78	419892079/0158/0158/line-049.gt.txt
    25	    76	419892079/0158/0158/line-050.gt.txt
    30	    71	419892079/0158/0158/line-051.gt.txt
    54	    74	419892079/0158/0158/line-052.gt.txt
    47	    79	419892079/0158/0158/line-053.gt.txt
    11	    14	419892079/0395/0395/line-002.gt.txt
     7	    78	419892079/0395/0395/line-003.gt.txt
     7	    74	419892079/0395/0395/line-004.gt.txt
    15	    74	419892079/0395/0395/line-005.gt.txt
    15	    74	419892079/0395/0395/line-006.gt.txt
    12	    72	419892079/0395/0395/line-007.gt.txt
    20	    73	419892079/0395/0395/line-008.gt.txt
    35	    75	419892079/0395/0395/line-009.gt.txt
    40	    79	419892079/0395/0395/line-010.gt.txt
    23	    71	419892079/0395/0395/line-011.gt.txt
    35	    73	419892079/0395/0395/line-012.gt.txt
    15	    69	419892079/0395/0395/line-013.gt.txt
    17	    70	419892079/0395/0395/line-014.gt.txt
    12	    73	419892079/0395/0395/line-015.gt.txt
    16	    71	419892079/0395/0395/line-016.gt.txt
    27	    71	419892079/0395/0395/line-017.gt.txt
    13	    77	419892079/0395/0395/line-018.gt.txt
    30	    81	419892079/0395/0395/line-019.gt.txt
     8	    73	419892079/0395/0395/line-020.gt.txt
     9	    75	419892079/0395/0395/line-021.gt.txt
    12	    75	419892079/0395/0395/line-022.gt.txt
    12	    79	419892079/0395/0395/line-023.gt.txt
    23	    76	419892079/0395/0395/line-024.gt.txt
    47	    81	419892079/0395/0395/line-025.gt.txt
    32	    74	419892079/0395/0395/line-026.gt.txt
    15	    66	419892079/0395/0395/line-027.gt.txt
    17	    74	419892079/0395/0395/line-028.gt.txt
    14	    72	419892079/0395/0395/line-029.gt.txt
    14	    71	419892079/0395/0395/line-030.gt.txt
    27	    75	419892079/0395/0395/line-031.gt.txt
    11	    74	419892079/0395/0395/line-032.gt.txt
    10	    71	419892079/0395/0395/line-033.gt.txt
     4	    68	419892079/0395/0395/line-034.gt.txt
     9	    77	419892079/0395/0395/line-035.gt.txt
    16	    75	419892079/0395/0395/line-036.gt.txt
    17	    78	419892079/0395/0395/line-037.gt.txt
    10	    77	419892079/0395/0395/line-038.gt.txt
    12	    77	419892079/0395/0395/line-039.gt.txt
     5	    79	419892079/0395/0395/line-040.gt.txt
    22	    77	419892079/0395/0395/line-041.gt.txt
    26	    77	419892079/0395/0395/line-042.gt.txt
    37	    73	419892079/0395/0395/line-043.gt.txt
    34	    77	419892079/0395/0395/line-044.gt.txt
    37	    74	419892079/0395/0395/line-045.gt.txt
    61	    82	419892079/0395/0395/line-046.gt.txt
    67	    84	419892079/0395/0395/line-047.gt.txt
    44	    80	419892079/0395/0395/line-048.gt.txt
    42	    77	419892079/0395/0395/line-049.gt.txt
    63	    79	419892079/0395/0395/line-060.gt.txt
    29	    71	419892079/0395/0395/line-061.gt.txt
    11	    15	419892079/0543/0543/line-003.gt.txt
    29	    78	419892079/0543/0543/line-004.gt.txt
    44	    81	419892079/0543/0543/line-005.gt.txt
    21	    74	419892079/0543/0543/line-006.gt.txt
    15	    79	419892079/0543/0543/line-007.gt.txt
    20	    75	419892079/0543/0543/line-008.gt.txt
    34	    76	419892079/0543/0543/line-009.gt.txt
    16	    71	419892079/0543/0543/line-010.gt.txt
    11	    79	419892079/0543/0543/line-011.gt.txt
    18	    73	419892079/0543/0543/line-012.gt.txt
     6	    78	419892079/0543/0543/line-013.gt.txt
    14	    76	419892079/0543/0543/line-014.gt.txt
    19	    82	419892079/0543/0543/line-015.gt.txt
    14	    78	419892079/0543/0543/line-018.gt.txt
    37	    82	419892079/0543/0543/line-019.gt.txt
    31	    79	419892079/0543/0543/line-020.gt.txt
     8	    79	419892079/0543/0543/line-021.gt.txt
     8	    75	419892079/0543/0543/line-022.gt.txt
    24	    76	419892079/0543/0543/line-023.gt.txt
    13	    75	419892079/0543/0543/line-024.gt.txt
    16	    76	419892079/0543/0543/line-025.gt.txt
     8	    77	419892079/0543/0543/line-026.gt.txt
    22	    80	419892079/0543/0543/line-027.gt.txt
    15	    80	419892079/0543/0543/line-028.gt.txt
    11	    73	419892079/0543/0543/line-029.gt.txt
    18	    74	419892079/0543/0543/line-030.gt.txt
    11	    75	419892079/0543/0543/line-031.gt.txt
    24	    77	419892079/0543/0543/line-032.gt.txt
    28	    81	419892079/0543/0543/line-033.gt.txt
    21	    79	419892079/0543/0543/line-034.gt.txt
    13	    76	419892079/0543/0543/line-035.gt.txt
    22	    76	419892079/0543/0543/line-036.gt.txt
    18	    80	419892079/0543/0543/line-037.gt.txt
    15	    77	419892079/0543/0543/line-038.gt.txt
    15	    73	419892079/0543/0543/line-039.gt.txt
    21	    73	419892079/0543/0543/line-040.gt.txt
     9	    74	419892079/0543/0543/line-041.gt.txt
    11	    73	419892079/0543/0543/line-042.gt.txt
    15	    73	419892079/0543/0543/line-043.gt.txt
     8	    73	419892079/0543/0543/line-044.gt.txt
    13	    75	419892079/0543/0543/line-045.gt.txt
    12	    70	419892079/0543/0543/line-046.gt.txt
    11	    75	419892079/0543/0543/line-047.gt.txt
     7	    75	419892079/0543/0543/line-048.gt.txt
     9	    73	419892079/0543/0543/line-049.gt.txt
    22	    75	419892079/0543/0543/line-050.gt.txt
     4	    76	419892079/0543/0543/line-051.gt.txt
    17	    75	419892079/0543/0543/line-059.gt.txt
    52	    71	419892079/0543/0543/line-060.gt.txt
     1	     6	419892079/0543/0543/line-061.gt.txt
    13	    15	419892079/0543/0543/line-062.gt.txt
     4	     7	419892079/0543/0543/line-063.gt.txt
     9	    16	419892079/0543/0543/line-064.gt.txt
     7	    14	419892079/0543/0543/line-065.gt.txt
     9	    13	419892079/0543/0543/line-066.gt.txt
    11	    14	419892079/0543/0543/line-067.gt.txt
     4	    14	419892079/0543/0543/line-068.gt.txt
     3	     6	419892079/0543/0543/line-069.gt.txt
    18	    14	419892079/0630/0630/line-004.gt.txt
    24	    59	419892079/0630/0630/line-005.gt.txt
    32	    56	419892079/0630/0630/line-009.gt.txt
    20	    76	419892079/0630/0630/line-010.gt.txt
    21	    77	419892079/0630/0630/line-011.gt.txt
    11	    78	419892079/0630/0630/line-012.gt.txt
     8	    71	419892079/0630/0630/line-013.gt.txt
     9	    70	419892079/0630/0630/line-014.gt.txt
    14	    76	419892079/0630/0630/line-015.gt.txt
     8	    76	419892079/0630/0630/line-016.gt.txt
    15	    82	419892079/0630/0630/line-017.gt.txt
    11	    75	419892079/0630/0630/line-018.gt.txt
    20	    73	419892079/0630/0630/line-019.gt.txt
    16	    73	419892079/0630/0630/line-020.gt.txt
    20	    79	419892079/0630/0630/line-021.gt.txt
    11	    79	419892079/0630/0630/line-022.gt.txt
    10	    77	419892079/0630/0630/line-023.gt.txt
    11	    78	419892079/0630/0630/line-024.gt.txt
    14	    76	419892079/0630/0630/line-025.gt.txt
    13	    78	419892079/0630/0630/line-026.gt.txt
    25	    73	419892079/0630/0630/line-027.gt.txt
    29	    74	419892079/0630/0630/line-028.gt.txt
    11	    78	419892079/0630/0630/line-029.gt.txt
    18	    74	419892079/0630/0630/line-030.gt.txt
    21	    74	419892079/0630/0630/line-032.gt.txt
    27	    73	419892079/0630/0630/line-034.gt.txt
    32	    72	419892079/0630/0630/line-035.gt.txt
    17	    70	419892079/0630/0630/line-036.gt.txt
    16	    65	419892079/0630/0630/line-037.gt.txt
     8	    70	419892079/0630/0630/line-038.gt.txt
    40	    45	419892079/0630/0630/line-039.gt.txt
    31	    55	419892079/0630/0630/line-040.gt.txt
     9	    11	419892079/0630/0630/line-041.gt.txt
     2	     7	419892079/0630/0630/line-042.gt.txt
    17	    69	419892079/0630/0630/line-043.gt.txt
     3	     6	419892079/0630/0630/line-044.gt.txt
    20	    66	419892079/0630/0630/line-045.gt.txt
    27	    75	419892079/0630/0630/line-046.gt.txt
    53	    65	419892079/0630/0630/line-047.gt.txt
    20	    64	419892079/0630/0630/line-048.gt.txt
    15	    68	419892079/0630/0630/line-049.gt.txt
    30	    66	419892079/0630/0630/line-050.gt.txt
    20	    68	419892079/0630/0630/line-051.gt.txt
    35	    72	419892079/0630/0630/line-052.gt.txt
    31	    79	419892079/0630/0630/line-053.gt.txt
    11	    68	419892079/0630/0630/line-054.gt.txt
    15	    68	419892079/0630/0630/line-055.gt.txt
    13	    67	419892079/0630/0630/line-056.gt.txt
    21	    69	419892079/0630/0630/line-057.gt.txt
     8	    78	419892079/0630/0630/line-058.gt.txt
    21	    74	419892079/0630/0630/line-059.gt.txt
    23	    72	419892079/0630/0630/line-060.gt.txt
    58	    62	419892079/0630/0630/line-061.gt.txt
    36	    67	419892079/0630/0630/line-062.gt.txt
     9	    21	425459462/0232/0232/line-001.gt.txt
    17	    94	425459462/0232/0232/line-002.gt.txt
    18	    97	425459462/0232/0232/line-003.gt.txt
     9	    99	425459462/0232/0232/line-004.gt.txt
     3	    17	425459462/0232/0232/line-005.gt.txt
     9	    89	425459462/0232/0232/line-006.gt.txt
     6	    95	425459462/0232/0232/line-007.gt.txt
    11	    93	425459462/0232/0232/line-008.gt.txt
     4	    93	425459462/0232/0232/line-009.gt.txt
     8	    73	425459462/0232/0232/line-010.gt.txt
    18	    90	425459462/0232/0232/line-011.gt.txt
    13	    95	425459462/0232/0232/line-012.gt.txt
    13	    93	425459462/0232/0232/line-013.gt.txt
     9	    96	425459462/0232/0232/line-014.gt.txt
    14	    89	425459462/0232/0232/line-015.gt.txt
     5	    39	425459462/0232/0232/line-016.gt.txt
     5	    93	425459462/0232/0232/line-017.gt.txt
    13	    90	425459462/0232/0232/line-018.gt.txt
     7	    98	425459462/0232/0232/line-019.gt.txt
    19	    92	425459462/0232/0232/line-020.gt.txt
     0	    15	425459462/0232/0232/line-021.gt.txt
    10	    94	425459462/0232/0232/line-022.gt.txt
    12	    90	425459462/0232/0232/line-023.gt.txt
    11	    92	425459462/0232/0232/line-024.gt.txt
    16	    95	425459462/0232/0232/line-025.gt.txt
    16	    93	425459462/0232/0232/line-026.gt.txt
    15	    96	425459462/0232/0232/line-027.gt.txt
     8	    91	425459462/0232/0232/line-028.gt.txt
    14	    91	425459462/0232/0232/line-029.gt.txt
     7	    40	425459462/0232/0232/line-030.gt.txt
     8	    91	425459462/0232/0232/line-031.gt.txt
    12	    94	425459462/0232/0232/line-032.gt.txt
     7	    80	425459462/0232/0232/line-033.gt.txt
     5	    92	425459462/0232/0232/line-034.gt.txt
    13	    97	425459462/0232/0232/line-035.gt.txt
    12	    93	425459462/0232/0232/line-036.gt.txt
     3	    39	425459462/0232/0232/line-037.gt.txt
    19	    95	425459462/0232/0232/line-038.gt.txt
    10	    93	425459462/0232/0232/line-039.gt.txt
    10	    95	425459462/0232/0232/line-040.gt.txt
    14	    98	425459462/0232/0232/line-041.gt.txt
    10	    96	425459462/0232/0232/line-042.gt.txt
     3	    33	425459462/0232/0232/line-043.gt.txt
     6	    94	425459462/0232/0232/line-044.gt.txt
     5	    93	425459462/0232/0232/line-045.gt.txt
    15	    96	425459462/0232/0232/line-046.gt.txt
    13	    93	425459462/0232/0232/line-047.gt.txt
    13	    97	425459462/0232/0232/line-048.gt.txt
     3	    34	425459462/0232/0232/line-049.gt.txt
    12	    90	425459462/0232/0232/line-050.gt.txt
    11	    95	425459462/0232/0232/line-051.gt.txt
     5	    41	425459462/0232/0232/line-052.gt.txt
    12	    92	425459462/0232/0232/line-053.gt.txt
     7	    96	425459462/0232/0232/line-054.gt.txt
    14	    99	425459462/0232/0232/line-055.gt.txt
     7	    96	425459462/0232/0232/line-056.gt.txt
     6	    92	425459462/0232/0232/line-057.gt.txt
     4	    21	425459462/0232/0232/line-058.gt.txt
     3	    90	425459462/0232/0232/line-059.gt.txt
     5	    95	425459462/0232/0232/line-060.gt.txt
     6	    93	425459462/0232/0232/line-061.gt.txt
     5	    38	425459462/0232/0232/line-062.gt.txt
     9	    75	425459462/0232/0232/line-063.gt.txt
     4	     4	425459462/0232/0232/line-064.gt.txt
     5	    19	425459462/0278/0278/line-004.gt.txt
     6	    73	425459462/0278/0278/line-005.gt.txt
     7	    80	425459462/0278/0278/line-006.gt.txt
     0	    71	425459462/0278/0278/line-007.gt.txt
     4	    75	425459462/0278/0278/line-008.gt.txt
     4	    71	425459462/0278/0278/line-009.gt.txt
     3	    77	425459462/0278/0278/line-010.gt.txt
     6	    76	425459462/0278/0278/line-011.gt.txt
    10	    77	425459462/0278/0278/line-012.gt.txt
    79	    79	425459462/0278/0278/line-013.gt.txt
     4	    75	425459462/0278/0278/line-014.gt.txt
    12	    73	425459462/0278/0278/line-015.gt.txt
     5	    77	425459462/0278/0278/line-016.gt.txt
     2	    75	425459462/0278/0278/line-017.gt.txt
     7	    73	425459462/0278/0278/line-018.gt.txt
     9	    74	425459462/0278/0278/line-019.gt.txt
     6	    82	425459462/0278/0278/line-020.gt.txt
     5	    75	425459462/0278/0278/line-021.gt.txt
     5	    72	425459462/0278/0278/line-022.gt.txt
    10	    76	425459462/0278/0278/line-023.gt.txt
     4	    75	425459462/0278/0278/line-024.gt.txt
     9	    74	425459462/0278/0278/line-025.gt.txt
    10	    72	425459462/0278/0278/line-026.gt.txt
     5	    76	425459462/0278/0278/line-027.gt.txt
     4	    74	425459462/0278/0278/line-028.gt.txt
     7	    75	425459462/0278/0278/line-029.gt.txt
    10	    73	425459462/0278/0278/line-030.gt.txt
    14	    77	425459462/0278/0278/line-031.gt.txt
     3	    75	425459462/0278/0278/line-032.gt.txt
     5	    72	425459462/0278/0278/line-033.gt.txt
    12	    77	425459462/0278/0278/line-034.gt.txt
     6	    74	425459462/0278/0278/line-035.gt.txt
     6	    76	425459462/0278/0278/line-036.gt.txt
     9	    77	425459462/0278/0278/line-037.gt.txt
     2	    77	425459462/0278/0278/line-038.gt.txt
    11	    76	425459462/0278/0278/line-039.gt.txt
     2	    75	425459462/0278/0278/line-040.gt.txt
     9	    74	425459462/0278/0278/line-041.gt.txt
     9	    78	425459462/0278/0278/line-042.gt.txt
     5	    78	425459462/0278/0278/line-043.gt.txt
    11	    76	425459462/0278/0278/line-044.gt.txt
    14	    78	425459462/0278/0278/line-045.gt.txt
     8	    75	425459462/0278/0278/line-046.gt.txt
     9	    80	425459462/0278/0278/line-047.gt.txt
     7	    79	425459462/0278/0278/line-048.gt.txt
    16	    79	425459462/0278/0278/line-049.gt.txt
     5	    77	425459462/0278/0278/line-050.gt.txt
    15	    77	425459462/0278/0278/line-051.gt.txt
    11	    82	425459462/0278/0278/line-052.gt.txt
     8	    76	425459462/0278/0278/line-053.gt.txt
     2	     2	425459462/0278/0278/line-054.gt.txt
     8	    25	425459462/0882/0882/line-001.gt.txt
    13	    63	425459462/0882/0882/line-002.gt.txt
     6	    89	425459462/0882/0882/line-003.gt.txt
    12	    89	425459462/0882/0882/line-004.gt.txt
     9	    82	425459462/0882/0882/line-005.gt.txt
    11	    89	425459462/0882/0882/line-006.gt.txt
    11	    98	425459462/0882/0882/line-007.gt.txt
     8	    98	425459462/0882/0882/line-008.gt.txt
    23	    92	425459462/0882/0882/line-009.gt.txt
     4	    37	425459462/0882/0882/line-010.gt.txt
    27	    44	425459462/0882/0882/line-011.gt.txt
    17	    88	425459462/0882/0882/line-012.gt.txt
    10	    92	425459462/0882/0882/line-013.gt.txt
     3	     8	425459462/0882/0882/line-014.gt.txt
    21	    93	425459462/0882/0882/line-015.gt.txt
     6	    99	425459462/0882/0882/line-016.gt.txt
     4	    25	425459462/0882/0882/line-017.gt.txt
    26	    94	425459462/0882/0882/line-018.gt.txt
    16	    92	425459462/0882/0882/line-019.gt.txt
     2	    31	425459462/0882/0882/line-020.gt.txt
    20	    93	425459462/0882/0882/line-021.gt.txt
    19	    89	425459462/0882/0882/line-022.gt.txt
     3	    72	425459462/0882/0882/line-023.gt.txt
    14	    85	425459462/0882/0882/line-024.gt.txt
    18	    91	425459462/0882/0882/line-025.gt.txt
    12	    96	425459462/0882/0882/line-026.gt.txt
     9	    83	425459462/0882/0882/line-027.gt.txt
    13	    93	425459462/0882/0882/line-028.gt.txt
     0	     7	425459462/0882/0882/line-029.gt.txt
    20	    83	425459462/0882/0882/line-030.gt.txt
    13	    93	425459462/0882/0882/line-031.gt.txt
    22	    95	425459462/0882/0882/line-032.gt.txt
     3	    30	425459462/0882/0882/line-033.gt.txt
    15	    90	425459462/0882/0882/line-034.gt.txt
    12	    91	425459462/0882/0882/line-035.gt.txt
     4	     8	425459462/0882/0882/line-036.gt.txt
     9	    93	425459462/0882/0882/line-037.gt.txt
    12	    95	425459462/0882/0882/line-038.gt.txt
     4	    28	425459462/0882/0882/line-039.gt.txt
    18	    94	425459462/0882/0882/line-040.gt.txt
     1	    42	425459462/0882/0882/line-041.gt.txt
     9	    92	425459462/0882/0882/line-042.gt.txt
    12	    92	425459462/0882/0882/line-043.gt.txt
     5	     9	425459462/0882/0882/line-044.gt.txt
     9	    92	425459462/0882/0882/line-045.gt.txt
     9	    91	425459462/0882/0882/line-046.gt.txt
     8	    76	425459462/0882/0882/line-047.gt.txt
     9	    91	425459462/0882/0882/line-048.gt.txt
    14	    93	425459462/0882/0882/line-049.gt.txt
     8	    95	425459462/0882/0882/line-050.gt.txt
     4	    86	425459462/0882/0882/line-051.gt.txt
    13	    94	425459462/0882/0882/line-052.gt.txt
     5	    15	425459462/0882/0882/line-053.gt.txt
    21	    94	425459462/0882/0882/line-054.gt.txt
     9	    95	425459462/0882/0882/line-055.gt.txt
     9	    91	425459462/0882/0882/line-056.gt.txt
    10	    80	425459462/0882/0882/line-057.gt.txt
     8	    98	425459462/0882/0882/line-058.gt.txt
     8	    53	425459462/0882/0882/line-059.gt.txt
     9	    91	425459462/0882/0882/line-060.gt.txt
    15	    92	425459462/0882/0882/line-061.gt.txt
     3	     9	425459462/0882/0882/line-062.gt.txt
     6	     9	425459462/0882/0882/line-063.gt.txt
     9	    14	425459462/0882/0882/line-064.gt.txt
     4	    10	425459462/0882/0882/line-065.gt.txt
     6	     6	425459462/0882/0882/line-066.gt.txt
     8	    28	425459462/0910/0910/line-002.gt.txt
     8	    32	425459462/0910/0910/line-004.gt.txt
    23	    66	425459462/0910/0910/line-005.gt.txt
    29	    50	425459462/0910/0910/line-006.gt.txt
     1	    14	425459462/0910/0910/line-007.gt.txt
    10	    34	425459462/0910/0910/line-008.gt.txt
     7	     8	425459462/0910/0910/line-009.gt.txt
     5	    60	425459462/0910/0910/line-012.gt.txt
    10	    67	425459462/0910/0910/line-013.gt.txt
     5	    66	425459462/0910/0910/line-014.gt.txt
    16	    62	425459462/0910/0910/line-015.gt.txt
     3	    74	425459462/0910/0910/line-016.gt.txt
     7	    79	425459462/0910/0910/line-017.gt.txt
    10	    74	425459462/0910/0910/line-018.gt.txt
    15	    77	425459462/0910/0910/line-019.gt.txt
     5	    72	425459462/0910/0910/line-020.gt.txt
     7	    71	425459462/0910/0910/line-021.gt.txt
     9	    78	425459462/0910/0910/line-022.gt.txt
     3	    72	425459462/0910/0910/line-023.gt.txt
     6	    72	425459462/0910/0910/line-024.gt.txt
     7	    74	425459462/0910/0910/line-025.gt.txt
     5	    73	425459462/0910/0910/line-026.gt.txt
     9	    73	425459462/0910/0910/line-027.gt.txt
     8	    76	425459462/0910/0910/line-028.gt.txt
    11	    78	425459462/0910/0910/line-029.gt.txt
     1	    77	425459462/0910/0910/line-030.gt.txt
     9	    77	425459462/0910/0910/line-031.gt.txt
    10	    78	425459462/0910/0910/line-032.gt.txt
    16	    79	425459462/0910/0910/line-033.gt.txt
     8	    74	425459462/0910/0910/line-034.gt.txt
     7	    75	425459462/0910/0910/line-035.gt.txt
    12	    80	425459462/0910/0910/line-036.gt.txt
     7	    78	425459462/0910/0910/line-037.gt.txt
     6	    70	425459462/0910/0910/line-038.gt.txt
    11	    79	425459462/0910/0910/line-039.gt.txt
     6	    75	425459462/0910/0910/line-040.gt.txt
     9	    80	425459462/0910/0910/line-041.gt.txt
     5	    75	425459462/0910/0910/line-042.gt.txt
    19	    81	425459462/0910/0910/line-048.gt.txt
    13	    77	425459462/0910/0910/line-049.gt.txt
     9	    76	425459462/0910/0910/line-050.gt.txt
     5	    74	425459462/0910/0910/line-051.gt.txt
    23	    73	425459462/0910/0910/line-052.gt.txt
     7	    76	425459462/0910/0910/line-053.gt.txt
     2	     5	425459462/0910/0910/line-054.gt.txt
     1	    24	425459462/1128/1128/line-001.gt.txt
    10	    75	425459462/1128/1128/line-002.gt.txt
    11	    75	425459462/1128/1128/line-003.gt.txt
     6	    74	425459462/1128/1128/line-004.gt.txt
     9	    79	425459462/1128/1128/line-005.gt.txt
    12	    75	425459462/1128/1128/line-006.gt.txt
    10	    80	425459462/1128/1128/line-007.gt.txt
     1	    76	425459462/1128/1128/line-008.gt.txt
     9	    72	425459462/1128/1128/line-009.gt.txt
     6	    76	425459462/1128/1128/line-010.gt.txt
    18	    75	425459462/1128/1128/line-011.gt.txt
    13	    76	425459462/1128/1128/line-012.gt.txt
     8	    75	425459462/1128/1128/line-013.gt.txt
    10	    73	425459462/1128/1128/line-014.gt.txt
     4	    77	425459462/1128/1128/line-015.gt.txt
    13	    75	425459462/1128/1128/line-016.gt.txt
    10	    75	425459462/1128/1128/line-017.gt.txt
     5	    75	425459462/1128/1128/line-018.gt.txt
     8	    73	425459462/1128/1128/line-019.gt.txt
     3	    74	425459462/1128/1128/line-020.gt.txt
     8	    80	425459462/1128/1128/line-021.gt.txt
     6	    73	425459462/1128/1128/line-022.gt.txt
     8	    73	425459462/1128/1128/line-023.gt.txt
    12	    80	425459462/1128/1128/line-024.gt.txt
    21	    80	425459462/1128/1128/line-025.gt.txt
     9	    75	425459462/1128/1128/line-026.gt.txt
    10	    78	425459462/1128/1128/line-027.gt.txt
     5	    72	425459462/1128/1128/line-028.gt.txt
     9	    73	425459462/1128/1128/line-029.gt.txt
    17	    79	425459462/1128/1128/line-030.gt.txt
     2	    76	425459462/1128/1128/line-031.gt.txt
     8	    77	425459462/1128/1128/line-032.gt.txt
    24	    83	425459462/1128/1128/line-033.gt.txt
    40	    84	425459462/1128/1128/line-034.gt.txt
    14	    81	425459462/1128/1128/line-035.gt.txt
    12	    75	425459462/1128/1128/line-036.gt.txt
    11	    75	425459462/1128/1128/line-037.gt.txt
    12	    76	425459462/1128/1128/line-038.gt.txt
     3	    71	425459462/1128/1128/line-039.gt.txt
     3	    73	425459462/1128/1128/line-040.gt.txt
     4	    80	425459462/1128/1128/line-041.gt.txt
     4	    75	425459462/1128/1128/line-042.gt.txt
    18	    81	425459462/1128/1128/line-043.gt.txt
     4	    79	425459462/1128/1128/line-044.gt.txt
    13	    73	425459462/1128/1128/line-045.gt.txt
     7	    80	425459462/1128/1128/line-046.gt.txt
     9	    80	425459462/1128/1128/line-047.gt.txt
    13	    76	425459462/1128/1128/line-048.gt.txt
    11	    75	425459462/1128/1128/line-049.gt.txt
    15	    73	425459462/1128/1128/line-050.gt.txt
     5	     9	425459462/1128/1128/line-051.gt.txt
     8	    13	426104676/0020/0020/line-006.gt.txt
     4	    44	426104676/0020/0020/line-007.gt.txt
     2	    42	426104676/0020/0020/line-008.gt.txt
     3	    46	426104676/0020/0020/line-009.gt.txt
     1	    43	426104676/0020/0020/line-010.gt.txt
     1	    42	426104676/0020/0020/line-011.gt.txt
     0	    44	426104676/0020/0020/line-012.gt.txt
     5	    47	426104676/0020/0020/line-013.gt.txt
     3	    45	426104676/0020/0020/line-014.gt.txt
     1	    45	426104676/0020/0020/line-015.gt.txt
     1	    47	426104676/0020/0020/line-016.gt.txt
     0	    46	426104676/0020/0020/line-017.gt.txt
     1	    43	426104676/0020/0020/line-018.gt.txt
     2	    47	426104676/0020/0020/line-019.gt.txt
     3	    42	426104676/0020/0020/line-020.gt.txt
     4	    46	426104676/0020/0020/line-021.gt.txt
     0	    35	426104676/0020/0020/line-022.gt.txt
     0	    39	426104676/0020/0020/line-023.gt.txt
     2	    44	426104676/0020/0020/line-024.gt.txt
    11	    45	426104676/0020/0020/line-025.gt.txt
     1	    45	426104676/0020/0020/line-026.gt.txt
     2	    44	426104676/0020/0020/line-027.gt.txt
     1	    42	426104676/0020/0020/line-028.gt.txt
     4	    47	426104676/0020/0020/line-029.gt.txt
     3	    41	426104676/0020/0020/line-030.gt.txt
     2	    41	426104676/0020/0020/line-031.gt.txt
     2	    41	426104676/0020/0020/line-032.gt.txt
     1	    22	426104676/0055/0055/line-001.gt.txt
     3	    40	426104676/0055/0055/line-002.gt.txt
    14	    46	426104676/0055/0055/line-003.gt.txt
     7	    41	426104676/0055/0055/line-004.gt.txt
     0	    40	426104676/0055/0055/line-005.gt.txt
     1	    43	426104676/0055/0055/line-006.gt.txt
     1	    42	426104676/0055/0055/line-007.gt.txt
     9	    41	426104676/0055/0055/line-008.gt.txt
    10	    49	426104676/0055/0055/line-009.gt.txt
     7	    47	426104676/0055/0055/line-010.gt.txt
     5	    44	426104676/0055/0055/line-011.gt.txt
     5	    42	426104676/0055/0055/line-012.gt.txt
     5	    44	426104676/0055/0055/line-013.gt.txt
     1	    45	426104676/0055/0055/line-014.gt.txt
     8	    47	426104676/0055/0055/line-015.gt.txt
     2	    47	426104676/0055/0055/line-016.gt.txt
     0	    41	426104676/0055/0055/line-017.gt.txt
     0	    43	426104676/0055/0055/line-018.gt.txt
     4	    44	426104676/0055/0055/line-019.gt.txt
     2	    41	426104676/0055/0055/line-020.gt.txt
     8	    45	426104676/0055/0055/line-021.gt.txt
     0	    41	426104676/0055/0055/line-022.gt.txt
     9	    46	426104676/0055/0055/line-023.gt.txt
    14	    45	426104676/0055/0055/line-024.gt.txt
     0	    44	426104676/0055/0055/line-025.gt.txt
     2	    41	426104676/0055/0055/line-026.gt.txt
     0	    12	426104676/0055/0055/line-027.gt.txt
     0	    15	426104676/0144/0144/line-002.gt.txt
     1	    41	426104676/0144/0144/line-003.gt.txt
     2	    44	426104676/0144/0144/line-004.gt.txt
     2	    48	426104676/0144/0144/line-005.gt.txt
     2	    45	426104676/0144/0144/line-006.gt.txt
     1	    23	426104676/0144/0144/line-007.gt.txt
     2	    39	426104676/0144/0144/line-008.gt.txt
     1	    44	426104676/0144/0144/line-009.gt.txt
     7	    45	426104676/0144/0144/line-010.gt.txt
     3	    44	426104676/0144/0144/line-011.gt.txt
     4	    44	426104676/0144/0144/line-012.gt.txt
     0	    46	426104676/0144/0144/line-013.gt.txt
     4	    42	426104676/0144/0144/line-014.gt.txt
     1	    40	426104676/0144/0144/line-015.gt.txt
     2	    41	426104676/0144/0144/line-016.gt.txt
     5	    44	426104676/0144/0144/line-017.gt.txt
     6	    44	426104676/0144/0144/line-018.gt.txt
    11	    50	426104676/0144/0144/line-019.gt.txt
    14	    44	426104676/0144/0144/line-020.gt.txt
     9	    43	426104676/0144/0144/line-021.gt.txt
     2	     6	426104676/0144/0144/line-022.gt.txt
     0	    37	426104676/0144/0144/line-023.gt.txt
     3	    46	426104676/0144/0144/line-024.gt.txt
     3	    47	426104676/0144/0144/line-025.gt.txt
     1	    40	426104676/0144/0144/line-026.gt.txt
     3	    41	426104676/0144/0144/line-027.gt.txt
     2	    44	426104676/0144/0144/line-028.gt.txt
     0	    23	426104676/0201/0201/line-001.gt.txt
     0	    43	426104676/0201/0201/line-002.gt.txt
     1	    43	426104676/0201/0201/line-003.gt.txt
     0	    48	426104676/0201/0201/line-004.gt.txt
     0	    38	426104676/0201/0201/line-005.gt.txt
     4	    46	426104676/0201/0201/line-006.gt.txt
     2	    29	426104676/0201/0201/line-007.gt.txt
     0	    39	426104676/0201/0201/line-008.gt.txt
     6	    45	426104676/0201/0201/line-009.gt.txt
     2	    41	426104676/0201/0201/line-010.gt.txt
     2	    38	426104676/0201/0201/line-011.gt.txt
     4	    45	426104676/0201/0201/line-012.gt.txt
     0	    44	426104676/0201/0201/line-013.gt.txt
     3	    40	426104676/0201/0201/line-014.gt.txt
     3	    43	426104676/0201/0201/line-015.gt.txt
     0	    42	426104676/0201/0201/line-016.gt.txt
     1	    14	426104676/0201/0201/line-017.gt.txt
     6	    44	426104676/0201/0201/line-018.gt.txt
     2	    41	426104676/0201/0201/line-019.gt.txt
     1	    43	426104676/0201/0201/line-020.gt.txt
     0	    43	426104676/0201/0201/line-021.gt.txt
     0	    39	426104676/0201/0201/line-022.gt.txt
     1	    40	426104676/0201/0201/line-023.gt.txt
     2	    39	426104676/0201/0201/line-024.gt.txt
     3	    42	426104676/0201/0201/line-025.gt.txt
     2	    40	426104676/0201/0201/line-026.gt.txt
     0	    40	426104676/0201/0201/line-027.gt.txt
     0	    23	426104676/0219/0219/line-001.gt.txt
     4	    39	426104676/0219/0219/line-002.gt.txt
     0	    44	426104676/0219/0219/line-003.gt.txt
     2	    42	426104676/0219/0219/line-004.gt.txt
     0	    43	426104676/0219/0219/line-005.gt.txt
     2	    42	426104676/0219/0219/line-006.gt.txt
     0	    45	426104676/0219/0219/line-007.gt.txt
     0	    40	426104676/0219/0219/line-008.gt.txt
     2	    43	426104676/0219/0219/line-009.gt.txt
     3	    46	426104676/0219/0219/line-010.gt.txt
     1	    44	426104676/0219/0219/line-011.gt.txt
     0	    19	426104676/0219/0219/line-012.gt.txt
     2	    38	426104676/0219/0219/line-013.gt.txt
     0	    42	426104676/0219/0219/line-014.gt.txt
     0	    43	426104676/0219/0219/line-015.gt.txt
     1	    42	426104676/0219/0219/line-016.gt.txt
     3	    45	426104676/0219/0219/line-017.gt.txt
     3	    54	426104676/0219/0219/line-018.gt.txt
    13	    57	426104676/0219/0219/line-019.gt.txt
     6	    47	426104676/0219/0219/line-020.gt.txt
     4	    40	426104676/0219/0219/line-021.gt.txt
     2	    41	426104676/0219/0219/line-022.gt.txt
     3	    46	426104676/0219/0219/line-023.gt.txt
     1	    40	426104676/0219/0219/line-024.gt.txt
     1	    47	426104676/0219/0219/line-025.gt.txt
     4	    44	426104676/0219/0219/line-026.gt.txt
     4	    43	426104676/0219/0219/line-027.gt.txt
     5	    14	426104951/0054/0054/line-002.gt.txt
     3	    41	426104951/0054/0054/line-003.gt.txt
     2	    41	426104951/0054/0054/line-004.gt.txt
     5	    45	426104951/0054/0054/line-005.gt.txt
     1	    43	426104951/0054/0054/line-006.gt.txt
     1	    43	426104951/0054/0054/line-007.gt.txt
     4	    24	426104951/0054/0054/line-008.gt.txt
     0	    40	426104951/0054/0054/line-009.gt.txt
     2	    42	426104951/0054/0054/line-010.gt.txt
     2	    47	426104951/0054/0054/line-011.gt.txt
     2	    41	426104951/0054/0054/line-012.gt.txt
     1	    43	426104951/0054/0054/line-013.gt.txt
     1	    38	426104951/0054/0054/line-014.gt.txt
     2	    44	426104951/0054/0054/line-015.gt.txt
     0	    17	426104951/0054/0054/line-016.gt.txt
     1	    40	426104951/0054/0054/line-017.gt.txt
     4	    40	426104951/0054/0054/line-018.gt.txt
     1	    44	426104951/0054/0054/line-019.gt.txt
     0	    46	426104951/0054/0054/line-020.gt.txt
     0	    45	426104951/0054/0054/line-021.gt.txt
     4	    42	426104951/0054/0054/line-022.gt.txt
     3	    43	426104951/0054/0054/line-023.gt.txt
     3	    40	426104951/0054/0054/line-024.gt.txt
     5	    45	426104951/0054/0054/line-025.gt.txt
    11	    48	426104951/0054/0054/line-026.gt.txt
     5	    42	426104951/0054/0054/line-027.gt.txt
     8	    47	426104951/0054/0054/line-028.gt.txt
     5	    14	426104951/0066/0066/line-004.gt.txt
     3	    44	426104951/0066/0066/line-005.gt.txt
     0	    45	426104951/0066/0066/line-006.gt.txt
     3	    34	426104951/0066/0066/line-007.gt.txt
     2	    41	426104951/0066/0066/line-008.gt.txt
     0	    41	426104951/0066/0066/line-009.gt.txt
     2	    44	426104951/0066/0066/line-010.gt.txt
     2	    42	426104951/0066/0066/line-011.gt.txt
     1	    42	426104951/0066/0066/line-012.gt.txt
     0	    52	426104951/0066/0066/line-013.gt.txt
     1	     5	426104951/0066/0066/line-014.gt.txt
     6	    44	426104951/0066/0066/line-015.gt.txt
     2	    44	426104951/0066/0066/line-016.gt.txt
     3	    39	426104951/0066/0066/line-017.gt.txt
    13	    57	426104951/0066/0066/line-018.gt.txt
    10	    43	426104951/0066/0066/line-019.gt.txt
     2	    45	426104951/0066/0066/line-020.gt.txt
     8	    53	426104951/0066/0066/line-021.gt.txt
     0	    45	426104951/0066/0066/line-022.gt.txt
     1	    40	426104951/0066/0066/line-023.gt.txt
     9	    41	426104951/0066/0066/line-024.gt.txt
    10	    45	426104951/0066/0066/line-025.gt.txt
     7	    44	426104951/0066/0066/line-026.gt.txt
     2	    41	426104951/0066/0066/line-027.gt.txt
     3	    41	426104951/0066/0066/line-028.gt.txt
     2	    41	426104951/0066/0066/line-029.gt.txt
     1	    45	426104951/0066/0066/line-030.gt.txt
     0	    42	426104951/0066/0066/line-031.gt.txt
     0	    15	426104951/0120/0120/line-001.gt.txt
     1	    44	426104951/0120/0120/line-002.gt.txt
     1	    40	426104951/0120/0120/line-003.gt.txt
     2	    45	426104951/0120/0120/line-004.gt.txt
     2	    42	426104951/0120/0120/line-005.gt.txt
     1	    43	426104951/0120/0120/line-006.gt.txt
     6	    43	426104951/0120/0120/line-007.gt.txt
    18	    43	426104951/0120/0120/line-008.gt.txt
    12	    45	426104951/0120/0120/line-009.gt.txt
    10	    49	426104951/0120/0120/line-010.gt.txt
    16	    48	426104951/0120/0120/line-011.gt.txt
     6	    46	426104951/0120/0120/line-012.gt.txt
    13	    46	426104951/0120/0120/line-013.gt.txt
     3	    38	426104951/0120/0120/line-014.gt.txt
     2	    44	426104951/0120/0120/line-015.gt.txt
     3	    42	426104951/0120/0120/line-016.gt.txt
     1	    40	426104951/0120/0120/line-017.gt.txt
     0	    40	426104951/0120/0120/line-018.gt.txt
     0	    44	426104951/0120/0120/line-019.gt.txt
     2	    29	426104951/0120/0120/line-020.gt.txt
     0	    40	426104951/0120/0120/line-021.gt.txt
     1	    43	426104951/0120/0120/line-022.gt.txt
     1	    41	426104951/0120/0120/line-023.gt.txt
     4	    45	426104951/0120/0120/line-024.gt.txt
     4	    42	426104951/0120/0120/line-025.gt.txt
     0	    21	426104951/0120/0120/line-026.gt.txt
     6	    41	426104951/0120/0120/line-027.gt.txt
     0	     6	426104951/0120/0120/line-028.gt.txt
     0	    23	426104951/0173/0173/line-001.gt.txt
     5	    46	426104951/0173/0173/line-002.gt.txt
     0	    42	426104951/0173/0173/line-003.gt.txt
     3	    45	426104951/0173/0173/line-004.gt.txt
     3	    48	426104951/0173/0173/line-005.gt.txt
     4	    38	426104951/0173/0173/line-006.gt.txt
     1	    45	426104951/0173/0173/line-007.gt.txt
     7	    46	426104951/0173/0173/line-008.gt.txt
    11	    46	426104951/0173/0173/line-009.gt.txt
     7	    46	426104951/0173/0173/line-010.gt.txt
     6	    48	426104951/0173/0173/line-011.gt.txt
     2	    43	426104951/0173/0173/line-012.gt.txt
     5	    42	426104951/0173/0173/line-013.gt.txt
     2	    23	426104951/0173/0173/line-014.gt.txt
     3	    39	426104951/0173/0173/line-015.gt.txt
     1	    47	426104951/0173/0173/line-016.gt.txt
     3	    44	426104951/0173/0173/line-017.gt.txt
     1	    43	426104951/0173/0173/line-018.gt.txt
     5	    43	426104951/0173/0173/line-019.gt.txt
     6	    42	426104951/0173/0173/line-020.gt.txt
     0	    10	426104951/0173/0173/line-021.gt.txt
     1	    41	426104951/0173/0173/line-022.gt.txt
     2	    41	426104951/0173/0173/line-023.gt.txt
     4	    42	426104951/0173/0173/line-024.gt.txt
     4	    43	426104951/0173/0173/line-025.gt.txt
     3	    23	426104951/0173/0173/line-026.gt.txt
     3	    27	426104951/0173/0173/line-027.gt.txt
     4	    15	426104951/0222/0222/line-001.gt.txt
     3	    44	426104951/0222/0222/line-002.gt.txt
     0	     1	426104951/0222/0222/line-003.gt.txt
     4	    45	426104951/0222/0222/line-004.gt.txt
     2	    47	426104951/0222/0222/line-005.gt.txt
     3	    41	426104951/0222/0222/line-006.gt.txt
     3	    43	426104951/0222/0222/line-007.gt.txt
     1	    42	426104951/0222/0222/line-008.gt.txt
     2	    45	426104951/0222/0222/line-009.gt.txt
     5	    46	426104951/0222/0222/line-010.gt.txt
     3	    43	426104951/0222/0222/line-011.gt.txt
     1	    15	426104951/0222/0222/line-012.gt.txt
     0	    39	426104951/0222/0222/line-013.gt.txt
     4	    41	426104951/0222/0222/line-014.gt.txt
     7	    41	426104951/0222/0222/line-015.gt.txt
     1	    45	426104951/0222/0222/line-016.gt.txt
     3	    38	426104951/0222/0222/line-017.gt.txt
     2	    46	426104951/0222/0222/line-018.gt.txt
     5	    43	426104951/0222/0222/line-019.gt.txt
     2	    40	426104951/0222/0222/line-020.gt.txt
     3	    40	426104951/0222/0222/line-021.gt.txt
     0	     5	426104951/0222/0222/line-022.gt.txt
     3	    42	426104951/0222/0222/line-023.gt.txt
     4	    45	426104951/0222/0222/line-024.gt.txt
     3	    34	426104951/0222/0222/line-025.gt.txt
     3	    44	426104951/0222/0222/line-026.gt.txt
     3	    46	426104951/0222/0222/line-027.gt.txt
     7	    43	426104951/0222/0222/line-028.gt.txt
    20	    21	434664219/0042/0042/line-003.gt.txt
     6	    55	434664219/0042/0042/line-004.gt.txt
    10	    55	434664219/0042/0042/line-005.gt.txt
    13	    55	434664219/0042/0042/line-006.gt.txt
     8	    58	434664219/0042/0042/line-007.gt.txt
    18	    55	434664219/0042/0042/line-008.gt.txt
    14	    52	434664219/0042/0042/line-009.gt.txt
    13	    53	434664219/0042/0042/line-010.gt.txt
    16	    55	434664219/0042/0042/line-011.gt.txt
    12	    55	434664219/0042/0042/line-012.gt.txt
    18	    54	434664219/0042/0042/line-013.gt.txt
     6	    54	434664219/0042/0042/line-014.gt.txt
    11	    57	434664219/0042/0042/line-015.gt.txt
     7	    54	434664219/0042/0042/line-016.gt.txt
     6	    50	434664219/0042/0042/line-017.gt.txt
    24	    61	434664219/0042/0042/line-018.gt.txt
    15	    55	434664219/0042/0042/line-019.gt.txt
    14	    57	434664219/0042/0042/line-020.gt.txt
    10	    57	434664219/0042/0042/line-021.gt.txt
    27	    54	434664219/0042/0042/line-022.gt.txt
    19	    49	434664219/0042/0042/line-023.gt.txt
    21	    53	434664219/0042/0042/line-024.gt.txt
    30	    55	434664219/0042/0042/line-025.gt.txt
    29	    61	434664219/0042/0042/line-026.gt.txt
    15	    54	434664219/0042/0042/line-027.gt.txt
    18	    56	434664219/0042/0042/line-028.gt.txt
    18	    54	434664219/0042/0042/line-029.gt.txt
    26	    60	434664219/0042/0042/line-030.gt.txt
    23	    61	434664219/0042/0042/line-031.gt.txt
    12	    56	434664219/0042/0042/line-032.gt.txt
    18	    53	434664219/0042/0042/line-033.gt.txt
     4	    54	434664219/0042/0042/line-034.gt.txt
    14	    54	434664219/0042/0042/line-035.gt.txt
     4	    51	434664219/0042/0042/line-036.gt.txt
    21	    55	434664219/0042/0042/line-037.gt.txt
    18	    56	434664219/0042/0042/line-038.gt.txt
     9	    58	434664219/0042/0042/line-039.gt.txt
    17	    58	434664219/0042/0042/line-040.gt.txt
     8	    54	434664219/0042/0042/line-041.gt.txt
    13	    54	434664219/0042/0042/line-042.gt.txt
    16	    54	434664219/0042/0042/line-043.gt.txt
     5	    21	434664219/0045/0045/line-001.gt.txt
    15	    59	434664219/0045/0045/line-002.gt.txt
    14	    60	434664219/0045/0045/line-003.gt.txt
    11	    54	434664219/0045/0045/line-004.gt.txt
    12	    55	434664219/0045/0045/line-005.gt.txt
    16	    55	434664219/0045/0045/line-006.gt.txt
     9	    54	434664219/0045/0045/line-007.gt.txt
     0	    48	434664219/0045/0045/line-008.gt.txt
     7	    59	434664219/0045/0045/line-009.gt.txt
    13	    58	434664219/0045/0045/line-010.gt.txt
    13	    52	434664219/0045/0045/line-011.gt.txt
     5	    51	434664219/0045/0045/line-012.gt.txt
     9	    49	434664219/0045/0045/line-013.gt.txt
     7	    50	434664219/0045/0045/line-014.gt.txt
     6	    57	434664219/0045/0045/line-015.gt.txt
    11	    56	434664219/0045/0045/line-016.gt.txt
     7	    55	434664219/0045/0045/line-017.gt.txt
     6	    56	434664219/0045/0045/line-018.gt.txt
     7	    57	434664219/0045/0045/line-019.gt.txt
     8	    53	434664219/0045/0045/line-020.gt.txt
     6	    57	434664219/0045/0045/line-021.gt.txt
    10	    54	434664219/0045/0045/line-022.gt.txt
    12	    59	434664219/0045/0045/line-023.gt.txt
    19	    61	434664219/0045/0045/line-024.gt.txt
     9	    53	434664219/0045/0045/line-025.gt.txt
    13	    59	434664219/0045/0045/line-026.gt.txt
    13	    55	434664219/0045/0045/line-027.gt.txt
     8	    54	434664219/0045/0045/line-028.gt.txt
    14	    59	434664219/0045/0045/line-029.gt.txt
    16	    56	434664219/0045/0045/line-030.gt.txt
     8	    56	434664219/0045/0045/line-031.gt.txt
    12	    58	434664219/0045/0045/line-032.gt.txt
    13	    55	434664219/0045/0045/line-033.gt.txt
     7	    53	434664219/0045/0045/line-034.gt.txt
     8	    53	434664219/0045/0045/line-035.gt.txt
     8	    55	434664219/0045/0045/line-036.gt.txt
     5	    53	434664219/0045/0045/line-037.gt.txt
     1	    51	434664219/0045/0045/line-038.gt.txt
     9	    55	434664219/0045/0045/line-039.gt.txt
    21	    58	434664219/0045/0045/line-040.gt.txt
    10	    56	434664219/0045/0045/line-041.gt.txt
    13	    53	434664219/0096/0096/line-040.gt.txt
    20	    22	434664219/0096/0096/line-041.gt.txt
    11	    56	434664219/0096/0096/line-042.gt.txt
    11	    56	434664219/0096/0096/line-044.gt.txt
    18	    52	434664219/0096/0096/line-045.gt.txt
    17	    55	434664219/0096/0096/line-046.gt.txt
    19	    59	434664219/0096/0096/line-047.gt.txt
    18	    58	434664219/0096/0096/line-048.gt.txt
    14	    57	434664219/0096/0096/line-049.gt.txt
     3	    56	434664219/0096/0096/line-050.gt.txt
     7	    53	434664219/0096/0096/line-051.gt.txt
    20	    57	434664219/0096/0096/line-052.gt.txt
    16	    56	434664219/0096/0096/line-053.gt.txt
    18	    58	434664219/0096/0096/line-054.gt.txt
    15	    57	434664219/0096/0096/line-055.gt.txt
    13	    55	434664219/0096/0096/line-056.gt.txt
    16	    58	434664219/0096/0096/line-057.gt.txt
    18	    54	434664219/0096/0096/line-058.gt.txt
    24	    62	434664219/0096/0096/line-059.gt.txt
    21	    56	434664219/0096/0096/line-060.gt.txt
    18	    58	434664219/0096/0096/line-061.gt.txt
    33	    58	434664219/0096/0096/line-062.gt.txt
    24	    57	434664219/0096/0096/line-063.gt.txt
    26	    59	434664219/0096/0096/line-064.gt.txt
    17	    58	434664219/0096/0096/line-065.gt.txt
    18	    59	434664219/0096/0096/line-066.gt.txt
    24	    60	434664219/0096/0096/line-067.gt.txt
    15	    58	434664219/0096/0096/line-068.gt.txt
    12	    57	434664219/0096/0096/line-069.gt.txt
    21	    57	434664219/0096/0096/line-070.gt.txt
    30	    58	434664219/0096/0096/line-071.gt.txt
    12	    58	434664219/0096/0096/line-072.gt.txt
    12	    60	434664219/0096/0096/line-073.gt.txt
    21	    54	434664219/0096/0096/line-074.gt.txt
    12	    55	434664219/0096/0096/line-075.gt.txt
    15	    60	434664219/0096/0096/line-076.gt.txt
    19	    59	434664219/0096/0096/line-077.gt.txt
    18	    54	434664219/0096/0096/line-078.gt.txt
    18	    53	434664219/0096/0096/line-079.gt.txt
    17	    53	434664219/0096/0096/line-080.gt.txt
     1	     3	434664219/0096/0096/line-081.gt.txt
    20	    25	434664219/0160/0160/line-002.gt.txt
    24	    54	434664219/0160/0160/line-003.gt.txt
    19	    55	434664219/0160/0160/line-004.gt.txt
    19	    56	434664219/0160/0160/line-005.gt.txt
     8	    54	434664219/0160/0160/line-006.gt.txt
    27	    59	434664219/0160/0160/line-007.gt.txt
    13	    57	434664219/0160/0160/line-008.gt.txt
    19	    54	434664219/0160/0160/line-009.gt.txt
    13	    52	434664219/0160/0160/line-010.gt.txt
    25	    56	434664219/0160/0160/line-011.gt.txt
    13	    55	434664219/0160/0160/line-012.gt.txt
    23	    59	434664219/0160/0160/line-013.gt.txt
    26	    56	434664219/0160/0160/line-014.gt.txt
    10	    55	434664219/0160/0160/line-015.gt.txt
    27	    60	434664219/0160/0160/line-016.gt.txt
    20	    55	434664219/0160/0160/line-017.gt.txt
    24	    54	434664219/0160/0160/line-018.gt.txt
    21	    54	434664219/0160/0160/line-019.gt.txt
    17	    54	434664219/0160/0160/line-020.gt.txt
    19	    54	434664219/0160/0160/line-021.gt.txt
    20	    53	434664219/0160/0160/line-022.gt.txt
    25	    54	434664219/0160/0160/line-023.gt.txt
    11	    53	434664219/0160/0160/line-024.gt.txt
    17	    54	434664219/0160/0160/line-025.gt.txt
    19	    55	434664219/0160/0160/line-026.gt.txt
    17	    59	434664219/0160/0160/line-027.gt.txt
    26	    54	434664219/0160/0160/line-028.gt.txt
    17	    54	434664219/0160/0160/line-029.gt.txt
    14	    54	434664219/0160/0160/line-030.gt.txt
    19	    63	434664219/0160/0160/line-031.gt.txt
    17	    52	434664219/0160/0160/line-032.gt.txt
    26	    58	434664219/0160/0160/line-033.gt.txt
    31	    59	434664219/0160/0160/line-034.gt.txt
    25	    57	434664219/0160/0160/line-035.gt.txt
    15	    54	434664219/0160/0160/line-036.gt.txt
    14	    58	434664219/0160/0160/line-037.gt.txt
    14	    55	434664219/0160/0160/line-038.gt.txt
    27	    59	434664219/0160/0160/line-039.gt.txt
     9	    51	434664219/0160/0160/line-040.gt.txt
    21	    54	434664219/0160/0160/line-041.gt.txt
    27	    54	434664219/0160/0160/line-042.gt.txt
     5	     8	434664219/0160/0160/line-043.gt.txt
    13	    22	434664219/0161/0161/line-001.gt.txt
    21	    56	434664219/0161/0161/line-002.gt.txt
    26	    62	434664219/0161/0161/line-003.gt.txt
    12	    55	434664219/0161/0161/line-004.gt.txt
    21	    55	434664219/0161/0161/line-005.gt.txt
    11	    49	434664219/0161/0161/line-006.gt.txt
    11	    53	434664219/0161/0161/line-007.gt.txt
    24	    58	434664219/0161/0161/line-008.gt.txt
    31	    60	434664219/0161/0161/line-009.gt.txt
    33	    57	434664219/0161/0161/line-010.gt.txt
    27	    60	434664219/0161/0161/line-011.gt.txt
    15	    55	434664219/0161/0161/line-012.gt.txt
    28	    57	434664219/0161/0161/line-013.gt.txt
    25	    56	434664219/0161/0161/line-014.gt.txt
    32	    56	434664219/0161/0161/line-015.gt.txt
    13	    55	434664219/0161/0161/line-016.gt.txt
    23	    55	434664219/0161/0161/line-017.gt.txt
    21	    57	434664219/0161/0161/line-018.gt.txt
    19	    57	434664219/0161/0161/line-019.gt.txt
    26	    55	434664219/0161/0161/line-020.gt.txt
    11	    51	434664219/0161/0161/line-021.gt.txt
    28	    58	434664219/0161/0161/line-022.gt.txt
    27	    55	434664219/0161/0161/line-023.gt.txt
    24	    54	434664219/0161/0161/line-024.gt.txt
    24	    56	434664219/0161/0161/line-025.gt.txt
    29	    57	434664219/0161/0161/line-026.gt.txt
    28	    60	434664219/0161/0161/line-027.gt.txt
    12	    58	434664219/0161/0161/line-028.gt.txt
    22	    56	434664219/0161/0161/line-029.gt.txt
    14	    57	434664219/0161/0161/line-030.gt.txt
    30	    54	434664219/0161/0161/line-031.gt.txt
    18	    56	434664219/0161/0161/line-032.gt.txt
    29	    60	434664219/0161/0161/line-033.gt.txt
    11	    56	434664219/0161/0161/line-034.gt.txt
    19	    53	434664219/0161/0161/line-035.gt.txt
    30	    57	434664219/0161/0161/line-036.gt.txt
    17	    51	434664219/0161/0161/line-037.gt.txt
    27	    57	434664219/0161/0161/line-038.gt.txt
    22	    56	434664219/0161/0161/line-039.gt.txt
    22	    56	434664219/0161/0161/line-040.gt.txt
    26	    58	434664219/0161/0161/line-041.gt.txt
     6	    22	434664219/0587/0587/line-001.gt.txt
     4	    53	434664219/0587/0587/line-002.gt.txt
    11	    52	434664219/0587/0587/line-003.gt.txt
     6	    52	434664219/0587/0587/line-004.gt.txt
     9	    59	434664219/0587/0587/line-005.gt.txt
    15	    56	434664219/0587/0587/line-006.gt.txt
    16	    53	434664219/0587/0587/line-007.gt.txt
    13	    54	434664219/0587/0587/line-008.gt.txt
    15	    53	434664219/0587/0587/line-009.gt.txt
    14	    54	434664219/0587/0587/line-010.gt.txt
    24	    55	434664219/0587/0587/line-011.gt.txt
    10	    55	434664219/0587/0587/line-012.gt.txt
     8	    58	434664219/0587/0587/line-013.gt.txt
     8	    57	434664219/0587/0587/line-014.gt.txt
     5	    57	434664219/0587/0587/line-015.gt.txt
     9	    54	434664219/0587/0587/line-016.gt.txt
    18	    62	434664219/0587/0587/line-017.gt.txt
    20	    54	434664219/0587/0587/line-018.gt.txt
    17	    55	434664219/0587/0587/line-019.gt.txt
    16	    57	434664219/0587/0587/line-020.gt.txt
    20	    47	434664219/0587/0587/line-021.gt.txt
    10	    54	434664219/0587/0587/line-022.gt.txt
    11	    57	434664219/0587/0587/line-023.gt.txt
    22	    59	434664219/0587/0587/line-024.gt.txt
     9	    53	434664219/0587/0587/line-025.gt.txt
     4	    52	434664219/0587/0587/line-026.gt.txt
     8	    55	434664219/0587/0587/line-027.gt.txt
    10	    54	434664219/0587/0587/line-028.gt.txt
     7	    56	434664219/0587/0587/line-029.gt.txt
     4	    57	434664219/0587/0587/line-030.gt.txt
    10	    60	434664219/0587/0587/line-031.gt.txt
     7	    55	434664219/0587/0587/line-032.gt.txt
    14	    60	434664219/0587/0587/line-033.gt.txt
    19	    50	434664219/0587/0587/line-034.gt.txt
    16	    48	434664219/0587/0587/line-035.gt.txt
    19	    52	434664219/0587/0587/line-036.gt.txt
    29	    60	434664219/0587/0587/line-037.gt.txt
    20	    59	434664219/0587/0587/line-038.gt.txt
    14	    58	434664219/0587/0587/line-039.gt.txt
    12	    60	434664219/0587/0587/line-040.gt.txt
    19	    56	434664219/0587/0587/line-041.gt.txt
     1	     4	434664219/0587/0587/line-042.gt.txt
